P_chamber_psia,OF_ratio,Isp_s,Cstar_m_s
50.0,1.0,198.06069067793334,1085.8998188660937
50.0,1.4827586206896552,210.30807388376664,1158.8031167166534
50.0,1.9655172413793105,220.26911575864608,1231.6775218468947
50.0,2.4482758620689653,228.8758543682057,1300.8769538228617
50.0,2.931034482758621,236.0078751233799,1356.6586372494144
50.0,3.413793103448276,244.94514698392575,1423.395924405632
50.0,3.896551724137931,255.7661173666442,1485.0999102147246
50.0,4.379310344827586,264.38992080436844,1528.1342716172355
50.0,4.862068965517242,270.7990717458314,1557.5330233167235
50.0,5.344827586206897,275.62521112484797,1576.4499312449102
50.0,5.827586206896552,279.2347906552601,1586.5939086634373
50.0,6.310344827586207,281.85288667476914,1589.3796493550963
50.0,6.793103448275862,283.6367140907339,1586.8844681396013
50.0,7.275862068965518,284.6982323190826,1581.2362391699621
50.0,7.758620689655173,285.11058613946057,1573.9464422300975
50.0,8.24137931034483,284.9061280307396,1565.9080518693816
50.0,8.724137931034484,284.1027171899392,1557.612010587911
50.0,9.206896551724139,282.812555606975,1549.321387651449
50.0,9.689655172413794,281.25920009976767,1541.1740565139958
50.0,10.172413793103448,279.589277473538,1533.2391787385463
50.0,10.655172413793103,277.87063267604685,1525.5480430060584
50.0,11.13793103448276,276.1365249574525,1518.1106735014307
50.0,11.620689655172415,274.40714689399255,1510.9254705275255
50.0,12.10344827586207,272.697685976863,1503.9845448221367
50.0,12.586206896551724,271.0166104253293,1497.2767663431807
50.0,13.068965517241379,269.37078833079113,1490.7897171528177
50.0,13.551724137931036,267.76481802843534,1484.5106682915412
50.0,14.03448275862069,266.2015610731976,1478.427146773274
50.0,14.517241379310345,264.6826132591626,1472.5273758412911
50.0,15.0,263.20862595565984,1466.8002986469824
100.0,1.0,199.55710739217326,1095.1409425762515
100.0,1.4827586206896552,211.87732751708518,1168.1787206958952
100.0,1.9655172413793105,221.50939727061274,1235.8353365183123
100.0,2.4482758620689653,229.81930893798634,1301.934710134994
100.0,2.931034482758621,236.76896666095627,1356.9745063390396
100.0,3.413793103448276,245.33646914427902,1423.28932044173
100.0,3.896551724137931,255.81805864104408,1485.0630648648782
100.0,4.379310344827586,264.45980554395334,1528.7625236419874
100.0,4.862068965517242,270.9450072913605,1559.5220445411717
100.0,5.344827586206897,275.87696450555757,1580.3387256498445
100.0,5.827586206896552,279.62131818907943,1592.723177127114
100.0,6.310344827586207,282.3977086659539,1597.638782454378
100.0,6.793103448275862,284.35542189779625,1596.709640441842
100.0,7.275862068965518,285.60112533182524,1592.0018540637607
100.0,7.758620689655173,286.2067328710481,1585.1906122078062
100.0,8.24137931034483,286.2022050989338,1577.3361949605185
100.0,8.724137931034484,285.5759599988724,1569.0427439891937
100.0,9.206896551724139,284.356094793129,1560.6420760773901
100.0,9.689655172413794,282.76599209747735,1552.312800229778
100.0,10.172413793103448,281.0138115431001,1544.1489860913894
100.0,10.655172413793103,279.1962929896628,1536.1973354000568
100.0,11.13793103448276,277.3604898015985,1528.477946421627
100.0,11.620689655172415,275.5345101370077,1520.995814694501
100.0,12.10344827586207,273.73402317674993,1513.7477620357124
100.0,12.586206896551724,271.96983907525834,1506.7259998410557
100.0,13.068965517241379,270.24875033211686,1499.9207133323414
100.0,13.551724137931036,268.57480482553456,1493.321197966874
100.0,14.03448275862069,266.9501607398215,1486.9165450220908
100.0,14.517241379310345,265.3757043846037,1480.6964209326786
100.0,15.0,263.85142686358193,1474.6509663548488
150.0,1.0,200.4250708457982,1100.4813875600616
150.0,1.4827586206896552,212.81717593343475,1173.859420805581
150.0,1.9655172413793105,222.2960470146476,1239.0470519065573
150.0,2.4482758620689653,230.42744527909443,1302.9180140758272
150.0,2.931034482758621,237.26200730012692,1357.295386041225
150.0,3.413793103448276,245.6009203852833,1423.2401743296887
150.0,3.896551724137931,255.8606930054509,1485.0302517812393
150.0,4.379310344827586,264.49215340976815,1529.0024061624188
150.0,4.862068965517242,271.01406523226484,1560.3846970187458
150.0,5.344827586206897,275.99943239465233,1582.1523336502848
150.0,5.827586206896552,279.8144285455507,1595.7628716763866
150.0,6.310344827586207,282.67666854771204,1601.9645322976967
150.0,6.793103448275862,284.7306625186273,1602.0648083374972
150.0,7.275862068965518,286.0791944500623,1598.0125536026144
150.0,7.758620689655173,286.7931027006684,1591.5517839595198
150.0,8.24137931034483,286.9016757764815,1583.8451727758265
150.0,8.724137931034484,286.38427747745203,1575.5730031287314
150.0,9.206896551724139,285.2204356952772,1567.114680150849
150.0,9.689655172413794,283.60762891182316,1558.677748586557
150.0,10.172413793103448,281.8026480555563,1550.373570213595
150.0,10.655172413793103,279.92352261782685,1542.2597191743291
150.0,11.13793103448276,278.028222164818,1534.3632932251205
150.0,11.620689655172415,276.145398095236,1526.6941137493932
150.0,12.10344827586207,274.2930593198788,1519.2523174549988
150.0,12.586206896551724,272.48210011181806,1512.0324925627356
150.0,13.068965517241379,270.718972934978,1505.0266932883803
150.0,13.551724137931036,269.0072538392575,1498.225572232995
150.0,14.03448275862069,267.3486224929866,1491.6195706324802
150.0,14.517241379310345,265.7435217907373,1485.1993255442953
150.0,15.0,264.1915470200003,1478.955782406886
200.0,1.0,201.03530913905763,1104.2251422650306
200.0,1.4827586206896552,213.49040427611084,1177.9464128033587
200.0,1.9655172413793105,222.88024552970643,1241.668552018255
200.0,2.4482758620689653,230.88586814968974,1303.8352286328973
200.0,2.931034482758621,237.63512584590669,1357.6122234109323
200.0,3.413793103448276,245.8062703687873,1423.2106067820566
200.0,3.896551724137931,255.90062620142177,1485.0051237871442
200.0,4.379310344827586,264.51201685822,1529.130594300766
200.0,4.862068965517242,271.05668727379077,1560.8853513843528
200.0,5.344827586206897,276.07625781062205,1583.252271548503
200.0,5.827586206896552,279.9376038364012,1597.6789442865334
200.0,6.310344827586207,282.8575447903104,1604.793487917754
200.0,6.793103448275862,284.97733780971464,1605.6696367922648
200.0,7.275862068965518,286.3966628023549,1602.133032908333
200.0,7.758620689655173,287.18532265100623,1595.9569175940628
200.0,8.24137931034483,287.3722561318164,1588.3762849493853
200.0,8.724137931034484,286.93211384590467,1580.1297308160024
200.0,9.206896551724139,285.814550155774,1571.6342963897857
200.0,9.689655172413794,284.18606084510253,1563.1203905412615
200.0,10.172413793103448,282.3415690737945,1554.7134271868103
200.0,10.655172413793103,280.4184244025585,1546.4796714809427
200.0,11.13793103448276,278.4799573345353,1538.4517783309645
200.0,11.620689655172415,276.5573082708456,1530.6433932267146
200.0,12.10344827586207,274.668987101567,1523.0572876331398
200.0,12.586206896551724,272.82575891678147,1515.6901207235132
200.0,13.068965517241379,271.03373837165935,1508.5352705689147
200.0,13.551724137931036,269.2961278655682,1501.5847156881277
200.0,14.03448275862069,267.6142483497892,1494.8298166195464
200.0,14.517241379310345,265.9882210531646,1488.2619655960395
200.0,15.0,264.41736303928974,1481.8729547131582
250.0,1.0,201.50451920333074,1107.0963750922012
250.0,1.4827586206896552,214.0149310318526,1181.137591747669
250.0,1.9655172413793105,223.3473002146054,1243.8850698822205
250.0,2.4482758620689653,231.25736669961816,1304.6944279006386
250.0,2.931034482758621,237.93857617748483,1357.9230646885144
250.0,3.413793103448276,245.97642564807575,1423.1905844284101
250.0,3.896551724137931,255.93832281563323,1484.9853987252434
250.0,4.379310344827586,264.5259548738015,1529.2106756976834
250.0,4.862068965517242,271.0864415365299,1561.2184336232388
250.0,5.344827586206897,276.1305000984171,1584.0074084501841
250.0,5.827586206896552,280.02562395677785,1599.0314619001208
250.0,6.310344827586207,282.9884098613846,1606.8468951737423
250.0,6.793103448275862,285.1577567968019,1608.3475060732674
250.0,7.275862068965518,286.63076062918776,1605.2405408686693
250.0,7.758620689655173,287.476226399062,1599.3074900491147
250.0,8.24137931034483,287.7228388323134,1591.8378347821747
250.0,8.724137931034484,287.34374350876925,1583.61792371657
250.0,9.206896551724139,286.26425854544004,1575.0961311370836
250.0,9.689655172413794,284.62371662484185,1566.5223110651702
250.0,10.172413793103448,282.7466388928112,1558.033673165667
250.0,10.655172413793103,280.7896755381618,1549.70386887906
250.0,11.13793103448276,278.8178033572734,1541.5704572056613
250.0,11.620689655172415,276.86464687112345,1533.6501863682417
250.0,12.10344827586207,274.94892604863765,1525.9480990648142
250.0,12.586206896551724,273.0812142704226,1518.462529083643
250.0,13.068965517241379,271.26732759138685,1511.1882115842043
250.0,13.551724137931036,269.5101561389002,1504.1180392204888
250.0,14.03448275862069,267.81073830386094,1497.2442065702658
250.0,14.517241379310345,266.16894600088517,1490.5588366078164
250.0,15.0,264.5838792702855,1484.054306939915
300.0,1.0,201.88473903020036,1109.4177169012316
300.0,1.4827586206896552,214.4443494753104,1183.7532403493678
300.0,1.9655172413793105,223.73729901547168,1245.8058665111212
300.0,2.4482758620689653,231.57139324215285,1305.5025034972664
300.0,2.931034482758621,238.19595828810435,1358.2273985061154
300.0,3.413793103448276,246.12289183321374,1423.1761980027466
300.0,3.896551724137931,255.97378994908064,1484.969407267412
300.0,4.379310344827586,264.53655390682377,1529.2655070089752
300.0,4.862068965517242,271.1087690058414,1561.4586448903854
300.0,5.344827586206897,276.1715514528961,1584.5652974167467
300.0,5.827586206896552,280.09286500528043,1600.0525098701225
300.0,6.310344827586207,283.08938210382547,1608.4322336696541
300.0,6.793103448275862,285.2974215031055,1610.4555282404112
300.0,7.275862068965518,286.81428871085285,1607.718990509794
300.0,7.758620689655173,287.70541451323896,1601.9998665014116
300.0,8.24137931034483,288.0000706639087,1594.6302420019656
300.0,8.724137931034484,287.67052589022126,1586.4367694114123
300.0,9.206896551724139,286.6243163384685,1577.8951728810164
300.0,9.689655172413794,284.974026804564,1569.272206468606
300.0,10.172413793103448,283.0705073323506,1560.715523944341
300.0,10.655172413793103,281.08480124252674,1552.3052458671812
300.0,11.13793103448276,279.085750968227,1544.0830990597178
300.0,11.620689655172415,277.10795446827046,1536.068792455831
300.0,12.10344827586207,275.17019511611005,1528.269227954486
300.0,12.586206896551724,273.282842008232,1520.6842521959375
300.0,13.068965517241379,271.4514436701245,1513.3097065246207
300.0,13.551724137931036,269.67863053066174,1506.1394663403623
300.0,14.03448275862069,267.9652046140874,1499.1663412351156
300.0,14.517241379310345,266.31083365842716,1492.383078932705
300.0,15.0,264.71444147723133,1485.782527936742
350.0,1.0,202.2037195036141,1111.361058810763
350.0,1.4827586206896552,214.80763262157117,1185.9674375472853
350.0,1.9655172413793105,224.07250070384464,1247.5008955426047
350.0,2.4482758620689653,231.8443016111171,1306.2651943648289
350.0,2.931034482758621,238.42038041401653,1358.5251243629073
350.0,3.413793103448276,246.2514669176365,1423.165448557619
350.0,3.896551724137931,256.007263493728,1484.9560438372355
350.0,4.379310344827586,264.5450687961741,1529.3054291265985
350.0,4.862068965517242,271.1263426205877,1561.6414157083975
350.0,5.344827586206897,276.20408080570354,1584.998129873965
350.0,5.827586206896552,280.146553726026,1600.8586438286848
350.0,6.310344827586207,283.1706756784273,1609.7075286799509
350.0,6.793103448275862,285.4113573371267,1612.1800454184975
350.0,7.275862068965518,286.96410062757707,1609.7701951490924
350.0,7.758620689655173,287.89331051500795,1604.243156764116
350.0,8.24137931034483,288.2280838362225,1596.9650490019555
350.0,8.724137931034484,287.9401366856072,1588.797429214443
350.0,9.206896551724139,286.9234721538064,1580.2404096875725
350.0,9.689655172413794,285.26502881823853,1571.5757998380623
350.0,10.172413793103448,283.33869270612524,1562.960586343821
350.0,10.655172413793103,281.3285670097895,1554.4808118584576
350.0,11.13793103448276,279.3066544683328,1546.1818962904854
350.0,11.620689655172415,277.30824258891136,1538.0861302138703
350.0,12.10344827586207,275.3521026706243,1530.202214508208
350.0,12.586206896551724,273.4484010634067,1522.5312737738845
350.0,13.068965517241379,271.6024480820815,1515.0702059949344
350.0,13.551724137931036,269.8166481726942,1507.8136240501117
350.0,14.03448275862069,268.0916042388182,1500.7551116771947
350.0,14.517241379310345,266.4268103441817,1493.8878480484075
350.0,15.0,264.821042602122,1487.2051298123993
400.0,1.0,202.4780146191656,1113.0288798477154
400.0,1.4827586206896552,215.12224277878704,1187.885539473511
400.0,1.9655172413793105,224.3666211627413,1249.0177735638122
400.0,2.4482758620689653,232.08618323125,1306.9873791040177
400.0,2.931034482758621,238.61993090209864,1358.8162871471116
400.0,3.413793103448276,246.3675288912703,1423.1573720946724
400.0,3.896551724137931,256.038958460902,1484.9446964820816
400.0,4.379310344827586,264.55219145810497,1529.335794054124
400.0,4.862068965517242,271.140653018632,1561.785910221383
400.0,5.344827586206897,276.2307156002998,1585.345920684553
400.0,5.827586206896552,280.19079408680545,1601.5159107792254
400.0,6.310344827586207,283.23814040681907,1610.7640566088066
400.0,6.793103448275862,285.50655904020573,1613.6300989908743
400.0,7.275862068965518,287.08995633313225,1611.5131226161798
400.0,7.758620689655173,288.05177043169056,1606.1610506055906
400.0,8.24137931034483,288.4209226685004,1598.9675691466036
400.0,8.724137931034484,288.16876130592533,1590.8251938960257
400.0,9.206896551724139,287.1786569081628,1582.2558019972182
400.0,9.689655172413794,285.5132275967823,1573.55503632708
400.0,10.172413793103448,283.5668037536069,1564.888395022544
400.0,10.655172413793103,281.53546699418365,1556.3472589529663
400.0,11.13793103448276,279.493855066259,1547.9804840308054
400.0,11.620689655172415,277.4777554038762,1539.812650943716
400.0,12.10344827586207,275.5058855427229,1531.8542362165642
400.0,12.586206896551724,273.58821498020126,1524.1074058002223
400.0,13.068965517241379,271.72984052635866,1516.5700586452951
400.0,13.551724137931036,269.93296821117923,1509.2375188684746
400.0,14.03448275862069,268.1980270228783,1502.1039629578015
400.0,14.517241379310345,266.5243615213406,1495.1630422433504
400.0,15.0,264.91062026083006,1488.4084680645815
450.0,1.0,202.71828480676183,1114.4871191936054
450.0,1.4827586206896552,215.3995269658419,1189.5762521363586
450.0,1.9655172413793105,224.6287419386462,1250.3904008329143
450.0,2.4482758620689653,232.30373509481402,1307.6731400397018
450.0,2.931034482758621,238.79997791993895,1359.1012119973534
450.0,3.413793103448276,246.4732211780956,1423.1512578917707
450.0,3.896551724137931,256.06907888759343,1484.9348640621922
450.0,4.379310344827586,264.5583383254568,1529.3596270077624
450.0,4.862068965517242,271.15260708042223,1561.903480674439
450.0,5.344827586206897,276.25306589415874,1585.6328542547078
450.0,5.827586206896552,280.228121320735,1602.0649635677169
450.0,6.310344827586207,283.295416169295,1611.6589854726196
450.0,6.793103448275862,285.587876287943,1614.8747881340075
450.0,7.275862068965518,287.19798243749096,1613.0236275342897
450.0,7.758620689655173,288.18826085237157,1607.832671719933
450.0,8.24137931034483,288.58745282542264,1600.7182019854333
450.0,8.724137931034484,288.36664902594293,1592.6002973014922
450.0,9.206896551724139,287.40066357443135,1584.0208169988089
450.0,9.689655172413794,285.72914047281023,1575.288116890519
450.0,10.172413793103448,283.7647622508274,1566.5755041200862
450.0,10.655172413793103,281.7146906895035,1557.9793319505507
450.0,11.13793103448276,279.6557947768341,1549.5516224323
450.0,11.620689655172415,277.6242308457267,1541.3191069971167
450.0,12.10344827586207,275.6386354501096,1533.293776130317
450.0,12.586206896551724,273.7087928612228,1525.478921992162
450.0,13.068965517241379,271.8396057752017,1517.8732691918049
450.0,13.551724137931036,270.0331033705157,1510.472817745388
450.0,14.03448275862069,268.28956029106865,1503.2722403567104
450.0,14.517241379310345,266.6081912265323,1496.2657564737174
450.0,15.0,264.98753097167753,1489.447298801528
500.0,1.0,202.93179983344064,1115.7807302913993
500.0,1.4827586206896552,215.64727660043738,1191.0867671869244
500.0,1.9655172413793105,224.8652006103598,1251.6437928959735
500.0,2.4482758620689653,232.50164540498707,1308.3259984688843
500.0,2.931034482758621,238.96427520510747,1359.3799532162864
500.0,3.413793103448276,246.57047504708305,1423.1467498031839
500.0,3.896551724137931,256.0978017649102,1484.9262245714235
500.0,4.379310344827586,264.563776620386,1529.3788206303655
500.0,4.862068965517242,271.1627919269532,1562.0012505019097
500.0,5.344827586206897,276.2721830058474,1585.8745175418842
500.0,5.827586206896552,280.2602009586219,1602.5323967947572
500.0,6.310344827586207,283.344910179693,1612.430299694085
500.0,6.793103448275862,285.6585326751452,1615.9605314780056
500.0,7.275862068965518,287.29226627136757,1614.3529717620006
500.0,7.758620689655173,288.3077739300621,1609.3116227831197
500.0,8.24137931034483,288.7336119127015,1602.271410018574
500.0,8.724137931034484,288.5406851240794,1594.177250423253
500.0,9.206896551724139,287.5967838252297,1585.5893896062641
500.0,9.689655172413794,285.91986998765697,1576.8281118772888
500.0,10.172413793103448,283.93925447579704,1568.0738941930645
500.0,10.655172413793103,281.8724172888016,1559.4277661174333
500.0,11.13793103448276,279.79814070638486,1550.944657187754
500.0,11.620689655172415,277.7528555908561,1542.6533550939316
500.0,12.10344827586207,275.75510266576026,1534.5672469079263
500.0,12.586206896551724,273.814491070684,1526.6906524228937
500.0,13.068965517241379,271.93574620877854,1519.023092331234
500.0,13.551724137931036,270.12073783352423,1511.5611811385522
500.0,14.03448275862069,268.36960328495115,1504.3000899491653
500.0,14.517241379310345,266.6814385162673,1497.234441456514
500.0,15.0,265.0546797782522,1490.3584856449284
550.0,1.0,203.12373680477924,1116.9417005986788
550.0,1.4827586206896552,215.87107638302453,1192.45107423018
550.0,1.9655172413793105,225.08060329578387,1252.7969404143942
550.0,2.4482758620689653,232.6833335832668,1308.9489843205913
550.0,2.931034482758621,239.11556186184467,1359.6528607667942
550.0,3.413793103448276,246.66070943449063,1423.143542917867
550.0,3.896551724137931,256.1252765662744,1484.9185429644804
550.0,4.379310344827586,264.5686857074448,1529.3945955005227
550.0,4.862068965517242,271.1716095662182,1562.0841330014648
550.0,5.344827586206897,276.28878697598356,1586.0814555859636
550.0,5.827586206896552,280.2881805134356,1602.9364818502384
550.0,6.310344827586207,283.3882906879138,1613.1044130172374
550.0,6.793103448275862,285.72077262154744,1616.9199407540848
550.0,7.275862068965518,287.37566266790947,1615.5373660901155
550.0,7.758620689655173,288.4138040675736,1610.6358978439168
550.0,8.24137931034483,288.86356374289437,1603.6658565697987
550.0,8.724137931034484,288.6957086854896,1595.594740307507
550.0,9.206896551724139,287.7721708012293,1586.9999091485165
550.0,9.689655172413794,286.0904335168726,1578.212696931146
550.0,10.172413793103448,284.09499365622975,1569.4204496276293
550.0,10.655172413793103,282.0129930639465,1560.728450066191
550.0,11.13793103448276,279.9248737802842,1552.1945616748988
550.0,11.620689655172415,277.86726969655217,1543.8493132159474
550.0,12.10344827586207,275.8586171378388,1535.7074184581613
550.0,12.586206896551724,273.90836174168834,1527.7743180617413
550.0,13.068965517241379,272.0210639951249,1520.050084778778
550.0,13.551724137931036,270.19844933659124,1512.5320128894823
550.0,14.03448275862069,268.4405300082596,1505.2157087741386
550.0,14.517241379310345,266.74629685964555,1498.096171000264
550.0,15.0,265.1140953046582,1491.1679391947002
600.0,1.0,203.2979106415853,1117.9935582903654
600.0,1.4827586206896552,216.0750642293697,1193.694316459488
600.0,1.9655172413793105,225.27840572638013,1253.8645347180586
600.0,2.4482758620689653,232.8513756780363,1309.5447655499272
600.0,2.931034482758621,239.25589855932006,1359.920092597596
600.0,3.413793103448276,246.7450007949736,1423.1414394992516
600.0,3.896551724137931,256.15163102738364,1484.9116595148346
600.0,4.379310344827586,264.5731912239252,1529.4077701673432
600.0,4.862068965517242,271.17934379671703,1562.155477350607
600.0,5.344827586206897,276.3033902883717,1586.261090464124
600.0,5.827586206896552,280.3128812561213,1603.290219942455
600.0,6.310344827586207,283.4267575415806,1613.7003851268996
600.0,6.793103448275862,285.77621750097916,1617.7767560718523
600.0,7.275862068965518,287.4502398002344,1616.6033112378789
600.0,7.758620689655173,288.50888789802207,1611.833364524303
600.0,8.24137931034483,288.9803356272637,1604.9299411268285
600.0,8.724137931034484,288.8352449209278,1596.8812028499894
600.0,9.206896551724139,287.9305948703682,1588.2805062728635
600.0,9.689655172413794,286.24450216594903,1579.4695879828505
600.0,10.172413793103448,284.23542230463664,1570.6422740969947
600.0,10.655172413793103,282.139588735497,1561.9079152513505
600.0,11.13793103448276,280.03889301382384,1553.3270144715148
600.0,11.620689655172415,277.97012141493497,1544.9318738581132
600.0,12.10344827586207,275.951601351246,1536.7384625393222
600.0,12.586206896551724,273.9926222788451,1528.7531151715166
600.0,13.068965517241379,272.09759375221745,1520.9766243609017
600.0,13.551724137931036,270.2681083190375,1513.4068187873736
600.0,14.03448275862069,268.50406427685675,1506.0397336755016
600.0,14.517241379310345,266.804355387793,1498.87066563737
600.0,15.0,265.16724692706566,1491.8945641678954
650.0,1.0,203.45721365240024,1118.9541457767832
650.0,1.4827586206896552,216.26239275522678,1194.8356949881688
650.0,1.9655172413793105,225.46127280494065,1254.8584259866584
650.0,2.4482758620689653,233.00776429806336,1310.1155444425053
650.0,2.931034482758621,239.3868790476978,1360.181861856829
650.0,3.413793103448276,246.82418673564032,1423.1402960944322
650.0,3.896551724137931,256.1769736524148,1484.9054126777537
650.0,4.379310344827586,264.5773830443705,1529.418891001476
650.0,4.862068965517242,271.18620071091505,1562.2174938126095
650.0,5.344827586206897,276.31636923122414,1586.4188091617332
650.0,5.827586206896552,280.33490891057573,1603.6031668766727
650.0,6.310344827586207,283.4612003163244,1614.2323670406042
650.0,6.793103448275862,285.8260734384262,1618.5487679470566
650.0,7.275862068965518,287.5175410880428,1617.5707751492241
650.0,7.758620689655173,288.5949220235018,1612.9250636350305
650.0,8.24137931034483,289.08619431002876,1606.0851448661847
650.0,8.724137931034484,288.96193794691214,1598.0581406388042
650.0,9.206896551724139,288.07489668108593,1589.452480735497
650.0,9.689655172413794,286.3848406918036,1580.619731652874
650.0,10.172413793103448,284.3631285815182,1571.759874070824
650.0,10.655172413793103,282.25458278316864,1562.986080164587
650.0,11.13793103448276,280.1423720486672,1554.3614177171694
650.0,11.620689655172415,278.0633948142694,1545.919810701333
650.0,12.10344827586207,276.0358674975256,1537.6784567596042
650.0,12.586206896551724,274.06893180363966,1529.6445698342218
650.0,13.068965517241379,272.1668569646576,1521.8195584917253
650.0,13.551724137931036,270.3311127442961,1514.2017827548357
650.0,14.03448275862069,268.5614927541232,1506.7876785875744
650.0,14.517241379310345,266.8568021018124,1499.5728624600386
650.0,15.0,265.215231036385,1492.5525372545692
700.0,1.0,203.6038899734125,1119.837298930834
700.0,1.4827586206896552,216.43551913803424,1195.8902015613357
700.0,1.9655172413793105,225.63130012406648,1255.7879996473619
700.0,2.4482758620689653,233.15407372430485,1310.663302422361
700.0,2.931034482758621,239.50976269626912,1360.4383884154201
700.0,3.413793103448276,246.89893278948924,1423.1400294421385
700.0,3.896551724137931,256.20139750990523,1484.8997217195265
700.0,4.379310344827586,264.5813284447152,1529.4284483855477
700.0,4.862068965517242,271.1923368987761,1562.272075980583
700.0,5.344827586206897,276.32800734180495,1586.5586358334522
700.0,5.827586206896552,280.354721796367,1603.882507437649
700.0,6.310344827586207,283.49229460905997,1614.7111375217125
700.0,6.793103448275862,285.87126105807033,1619.2496306688718
700.0,7.275862068965518,287.5787470941672,1618.4551189675985
700.0,7.758620689655173,288.673359685868,1613.927247616923
700.0,8.24137931034483,289.1828790330661,1607.1480515528106
700.0,8.724137931034484,289.07781916167016,1599.1421528323617
700.0,9.206896551724139,288.2072677614277,1590.5323269796274
700.0,9.689655172413794,286.5135823751894,1581.679343727463
700.0,10.172413793103448,284.4801056363365,1572.7890812990079
700.0,10.655172413793103,282.3598047506426,1563.9783979061074
700.0,11.13793103448276,280.23698081253633,1555.3127497810842
700.0,11.620689655172415,278.148612994069,1546.8276618751083
700.0,12.10344827586207,276.1128063318238,1538.541465320359
700.0,12.586206896551724,274.13856247031725,1530.462199556453
700.0,13.068965517241379,272.23001955239266,1522.591893291698
700.0,13.551724137931036,270.38853340417376,1514.9293912486464
700.0,14.03448275862069,268.61380068739106,1507.4715097456672
700.0,14.517241379310345,266.9045450484165,1500.2141646370908
700.0,15.0,265.25888616069795,1493.1527938593747
750.0,1.0,203.73971486805078,1120.6539292279072
750.0,1.4827586206896552,216.59639512599094,1196.8697234423275
750.0,1.9655172413793105,225.79016737487552,1256.6609416271726
750.0,2.4482758620689653,233.29157436695908,1311.1899634712195
750.0,2.931034482758621,239.62556319988587,1360.6898557134755
750.0,3.413793103448276,246.96977809795317,1423.1404725244229
750.0,3.896551724137931,256.2249829214663,1484.8944900156562
750.0,4.379310344827586,264.5850770629154,1529.436717653328
750.0,4.862068965517242,271.19787152191185,1562.3205090664767
750.0,5.344827586206897,276.3385229672712,1586.6836360324735
750.0,5.827586206896552,280.3726742530247,1604.1337907793943
750.0,6.310344827586207,283.52056531202936,1615.145053607825
750.0,6.793103448275862,285.9124973877257,1619.8900389369085
750.0,7.275862068965518,287.6347797285256,1619.2684657230632
750.0,7.758620689655173,288.7453376697437,1614.8527490989309
750.0,8.24137931034483,289.2717519673798,1608.131776525597
750.0,8.724137931034484,289.1844830487348,1600.1464851330998
750.0,9.206896551724139,288.3294332030069,1591.5330826703805
750.0,9.689655172413794,286.6324033008709,1582.661190862377
750.0,10.172413793103448,284.5879197010892,1573.7424360613807
750.0,10.655172413793103,282.4566905003746,1564.8970640324428
750.0,11.13793103448276,280.32402869801507,1556.1928591117914
750.0,11.620689655172415,278.2269694224888,1547.6668770986819
750.0,12.10344827586207,276.18350698826146,1539.3385292826697
750.0,12.586206896551724,274.20250938649184,1531.2165952922853
750.0,13.068965517241379,272.28799372655783,1523.3038403928415
750.0,13.551724137931036,270.4412076039428,1515.599422646591
750.0,14.03448275862069,268.6617581048057,1508.100565482398
750.0,14.517241379310345,266.9482927843232,1500.8034654273497
750.0,15.0,265.29886696831187,1493.703779093389
800.0,1.0,203.8661180592289,1121.4128929420233
800.0,1.4827586206896552,216.7465974820395,1197.7838990900314
800.0,1.9655172413793105,225.93924493280034,1257.4837626454464
800.0,2.4482758620689653,233.42130196956919,1311.6969933368207
800.0,2.931034482758621,239.73510884906096,1360.9363949611275
800.0,3.413793103448276,247.03716468734862,1423.1416454986788
800.0,3.896551724137931,256.24779955902477,1484.889667760877
800.0,4.379310344827586,264.58866712234703,1529.4439335546483
800.0,4.862068965517242,271.2028981935445,1562.3638297644598
800.0,5.344827586206897,276.34808824483343,1586.7962699941054
800.0,5.827586206896552,280.3890452697596,1604.3613557535828
800.0,6.310344827586207,283.5464271892813,1615.540751910611
800.0,6.793103448275862,285.95035106568486,1620.4785155380825
800.0,7.275862068965518,287.6863718340049,1620.0205068184537
800.0,7.758620689655173,288.8117610983498,1615.7118556671849
800.0,8.24137931034483,289.3538989414428,1609.0468616842486
800.0,8.724137931034484,289.283201046849,1601.081650529527
800.0,9.206896551724139,288.44277449188115,1592.465190662031
800.0,9.689655172413794,286.7426491968748,1583.575652476188
800.0,10.172413793103448,284.68782305639974,1574.6299987384073
800.0,10.655172413793103,282.54638671761995,1565.751871333261
800.0,11.13793103448276,280.40456053149023,1557.011245235917
800.0,11.620689655172415,278.29941583011816,1548.4466444270656
800.0,12.10344827586207,276.2488375404016,1540.0785169410901
800.0,12.586206896551724,274.26156707551274,1531.9163954957357
800.0,13.068965517241379,272.34150585680237,1523.9636120884215
800.0,13.551724137931036,270.48980179725896,1516.2197601799892
800.0,14.03448275862069,268.70597765954926,1508.6824038809457
800.0,14.517241379310345,266.98860967068845,1501.3480041097732
800.0,15.0,265.3356933487409,1494.2123728424838
850.0,1.0,203.98426586751484,1122.1213437055808
850.0,1.4827586206896552,216.88741782362365,1198.6406203287247
850.0,1.9655172413793105,226.07966211405886,1258.2617943065025
850.0,2.4482758620689653,233.54411689389534,1312.185772321196
850.0,2.931034482758621,239.83908772539877,1361.1782809863744
850.0,3.413793103448276,247.1014609903434,1423.1434813181313
850.0,3.896551724137931,256.26990823463876,1484.885188981392
850.0,4.379310344827586,264.59212812895606,1529.4502770576291
850.0,4.862068965517242,271.20749122573363,1562.402846221618
850.0,5.344827586206897,276.35683812341983,1586.8982685586075
850.0,5.827586206896552,280.40405803732443,1604.5686606259949
850.0,6.310344827586207,283.570213221118,1615.9035485189502
850.0,6.793103448275862,285.9852802742935,1621.0219591876228
850.0,7.275862068965518,287.7341149643934,1620.719115077685
850.0,7.758620689655173,288.8733615388782,1616.5129314469355
850.0,8.24137931034483,289.4301987474869,1609.9018829556633
850.0,8.724137931034484,289.37500371860943,1601.9562633505363
850.0,9.206896551724139,288.5484145127587,1593.3372093348976
850.0,9.689655172413794,286.84541148414365,1584.4310733227067
850.0,10.172413793103448,284.780832050708,1575.4599694890728
850.0,10.655172413793103,282.6298230447457,1566.550799366138
850.0,11.13793103448276,280.47942274094845,1557.775645786035
850.0,11.620689655172415,278.36672277634705,1549.1744445075271
850.0,12.10344827586207,276.3095004670117,1540.7686397932155
850.0,12.586206896551724,274.31637656378507,1532.5684869099134
850.0,13.068965517241379,272.39114322035186,1524.5778604392992
850.0,13.551724137931036,270.5348545792879,1516.7967694087026
850.0,14.03448275862069,268.74695424199166,1509.2231015062464
850.0,14.517241379310345,267.0259517991435,1501.8535671634231
850.0,15.0,265.3697864890976,1494.6841674823997
900.0,1.0,204.09512249487605,1122.7852153373499
900.0,1.4827586206896552,217.01992751072538,1199.4464488611882
900.0,1.9655172413793105,226.2123628332706,1258.9996044456009
900.0,2.4482758620689653,233.66074164341083,1312.6576830443473
900.0,2.931034482758621,239.93807539978988,1361.4156631685735
900.0,3.413793103448276,247.16297733686605,1423.1458901200936
900.0,3.896551724137931,256.29136245976866,1484.881020779786
900.0,4.379310344827586,264.59548328209587,1529.455893650548
900.0,4.862068965517242,271.2117105475263,1562.4381981441477
900.0,5.344827586206897,276.3648839146617,1586.9912217383246
900.0,5.827586206896552,280.4178929536536,1604.758440318253
900.0,6.310344827586207,283.5921937994013,1616.237718789148
900.0,6.793103448275862,286.017658491335,1621.5260084747938
900.0,7.275862068965518,287.7784930249222,1621.3707693541335
900.0,7.758620689655173,288.93073851123654,1617.2628863091868
900.0,8.24137931034483,289.5013721336026,1610.7039220830989
900.0,8.724137931034484,289.46073719331633,1602.7774333525088
900.0,9.206896551724139,288.6472778985349,1594.1561806120637
900.0,9.689655172413794,286.941589228744,1585.2343718273264
900.0,10.172413793103448,284.86778240681394,1576.2391192178718
900.0,10.655172413793103,282.70776314428207,1567.3004362549757
900.0,11.13793103448276,280.54931014756005,1558.4924500273544
900.0,11.620689655172415,278.42952246304407,1549.8564587235867
900.0,12.10344827586207,276.3660718440557,1541.4148432392858
900.0,12.586206896551724,274.36746381549955,1533.1785849859243
900.0,13.068965517241379,272.4373870111471,1525.1520823012982
900.0,13.551724137931036,270.5768070866516,1517.3356957735793
900.0,14.03448275862069,268.7850930321386,1509.7276670784677
900.0,14.517241379310345,267.0606917198827,1502.3249273467893
900.0,15.0,265.40148943652196,1495.1236549956993
950.0,1.0,204.19949459525915,1123.4094667343345
950.0,1.4827586206896552,217.1450250853084,1200.2068577974555
950.0,1.9655172413793105,226.33814393979588,1259.7010598327247
950.0,2.4482758620689653,233.77178728602524,1313.1137692703671
950.0,2.931034482758621,240.03255974746952,1361.6486013105637
950.0,3.413793103448276,247.22197753801262,1423.1489031893263
950.0,3.896551724137931,256.3122095634907,1484.8771313191016
950.0,4.379310344827586,264.59875093312723,1529.4608853713992
950.0,4.862068965517242,271.2156051095054,1562.4704019160345
950.0,5.344827586206897,276.3723162501178,1587.0763547052254
950.0,5.827586206896552,280.43069995951004,1604.9330969330701
950.0,6.310344827586207,283.61259339286204,1616.5469375204207
950.0,6.793103448275862,286.04779476974204,1621.9953591659046
950.0,7.275862068965518,287.8199067284622,1621.980866239815
950.0,7.758620689655173,288.98438894526714,1617.9674789582111
950.0,8.24137931034483,289.56801718572643,1611.4588910115503
950.0,8.724137931034484,289.54110430285596,1603.5510988818846
950.0,9.206896551724139,288.74013479413713,1594.927991252695
950.0,9.689655172413794,287.0319311654383,1585.9913520377213
950.0,10.172413793103448,284.9493692881445,1576.9730996332387
950.0,10.655172413793103,282.78084164902145,1568.006274609496
950.0,11.13793103448276,280.6147997971073,1559.166970557771
950.0,11.620689655172415,278.4883396459542,1550.4978143618525
950.0,12.10344827586207,276.4190296522786,1542.022088272456
950.0,12.586206896551724,274.41526505813204,1533.7514602776303
950.0,13.068965517241379,272.4806361955731,1525.6908265236955
950.0,13.551724137931036,270.6160249061147,1517.8409050472767
950.0,14.03448275862069,268.8207296891031,1510.2002666539388
950.0,14.517241379310345,267.09313816543477,1502.7660517615038
950.0,15.0,265.4310866298427,1495.5346053731357
1000.0,1.0,204.29806339551044,1123.9982834195746
1000.0,1.4827586206896552,217.26347141151578,1200.9265134963475
1000.0,1.9655172413793105,226.45768428544676,1260.369524291597
1000.0,2.4482758620689653,233.87777710174748,1313.5550638721897
1000.0,2.931034482758621,240.12296038227993,1361.8773980234691
1000.0,3.413793103448276,247.27868814562524,1423.152446516016
1000.0,3.896551724137931,256.33312344189727,1484.8734873088563
1000.0,4.379310344827586,264.6019456950171,1529.4653526118382
1000.0,4.862068965517242,271.2192153459057,1562.499879149366
1000.0,5.344827586206897,276.37920985795864,1587.1546785989096
1000.0,5.827586206896552,280.4426018321642,1605.094454931208
1000.0,6.310344827586207,283.63159728077625,1616.8341219048718
1000.0,6.793103448275862,286.07594698936356,1622.4339342987128
1000.0,7.275862068965518,287.85869116659404,1622.553929774869
1000.0,7.758620689655173,289.03472910257364,1618.6315609413223
1000.0,8.24137931034483,289.63063538786895,1612.171774917275
1000.0,8.724137931034484,289.61669491251087,1604.2822694256442
1000.0,9.206896551724139,288.82763322184496,1595.6576080577186
1000.0,9.689655172413794,287.11706721915124,1586.706888784428
1000.0,10.172413793103448,285.0261768871561,1577.6666807128925
1000.0,10.655172413793103,282.8495914218788,1568.6729555168044
1000.0,11.13793103448276,280.67637590968,1559.8037113186247
1000.0,11.620689655172415,278.54361450004063,1551.1028468819595
1000.0,12.10344827586207,276.4687746185712,1542.5945375633146
1000.0,12.586206896551724,274.4601458657721,1534.2910978596244
1000.0,13.068965517241379,272.52122496202855,1526.1979064125712
1000.0,13.551724137931036,270.65281419548614,1518.3160677954747
1000.0,14.03448275862069,268.85414520485745,1510.6444006220074
1000.0,14.517241379310345,267.1235494911996,1503.1802713746636
1000.0,15.0,265.45881643258076,1495.9201818296053
